{"stage1": {"accuracy": [0.5210374593734741, 0.590201735496521, 0.6414985656738281, 0.6904898881912231, 0.7314121127128601, 0.7740634083747864, 0.7850143909454346, 0.81902015209198, 0.8132565021514893, 0.8461095094680786], "loss": [0.7896072864532471, 0.6893929839134216, 0.6315038204193115, 0.5859952569007874, 0.5387353897094727, 0.4937194585800171, 0.4754505455493927, 0.43000495433807373, 0.4238418936729431, 0.40352076292037964], "val_accuracy": [0.5162162184715271, 0.637837827205658, 0.7135134935379028, 0.7729730010032654, 0.816216230392456, 0.8324324488639832, 0.8432432413101196, 0.8567567467689514, 0.8756756782531738, 0.8783783912658691], "val_loss": [0.7183393239974976, 0.6361693143844604, 0.5701227784156799, 0.5237139463424683, 0.4820595681667328, 0.44727441668510437, 0.4198806881904602, 0.39972570538520813, 0.37950900197029114, 0.36287766695022583], "learning_rate": [9.999999747378752e-05, 9.999999747378752e-05, 9.999999747378752e-05, 9.999999747378752e-05, 9.999999747378752e-05, 9.999999747378752e-05, 9.999999747378752e-05, 9.999999747378752e-05, 9.999999747378752e-05, 9.999999747378752e-05]}, "stage2": {"accuracy": [0.8443803787231445, 0.9268011450767517, 0.9325648546218872, 0.9515849947929382, 0.9556195735931396, 0.9590778350830078, 0.9711815714836121, 0.970028817653656, 0.9763689041137695, 0.9827089309692383], "loss": [0.34196263551712036, 0.18543194234371185, 0.155227929353714, 0.12176190316677094, 0.10613247752189636, 0.09931842982769012, 0.081743985414505, 0.0776977613568306, 0.06209772080183029, 0.06221909448504448], "val_accuracy": [0.8891891837120056, 0.9243243336677551, 0.9162161946296692, 0.9324324131011963, 0.9270270466804504, 0.9486486315727234, 0.9486486315727234, 0.9621621370315552, 0.9594594836235046, 0.9513513445854187], "val_loss": [0.29791760444641113, 0.1947823017835617, 0.19994232058525085, 0.14679957926273346, 0.16339446604251862, 0.14157387614250183, 0.1282457858324051, 0.0914507806301117, 0.08828219771385193, 0.11885038763284683], "learning_rate": [4.999999873689376e-05, 4.999999873689376e-05, 4.999999873689376e-05, 4.999999873689376e-05, 4.999999873689376e-05, 4.999999873689376e-05, 4.999999873689376e-05, 4.999999873689376e-05, 4.999999873689376e-05, 4.999999873689376e-05]}}