{"accuracy": [0.692376971244812, 0.9375, 0.9027611017227173, 0.96875, 0.9342737197875977, 0.8125, 0.9471789002418518, 1.0, 0.9495798349380493, 0.90625, 0.965786337852478, 0.9375, 0.9645858407020569, 0.96875, 0.9687874913215637, 1.0, 0.9681872725486755, 0.96875, 0.9726890921592712, 0.9375, 0.9741896986961365, 1.0, 0.9717887043952942, 0.96875, 0.9825930595397949, 0.96875, 0.982292890548706, 0.96875, 0.9834933876991272, 0.90625], "loss": [0.5857711434364319, 0.303931325674057, 0.28510725498199463, 0.15642426908016205, 0.19953572750091553, 0.33302533626556396, 0.15507592260837555, 0.06752485781908035, 0.13809393346309662, 0.16144633293151855, 0.11090875416994095, 0.14515134692192078, 0.10805292427539825, 0.07285523414611816, 0.0926237404346466, 0.07037457078695297, 0.08104100078344345, 0.038769058883190155, 0.07836481183767319, 0.07696123421192169, 0.07207513600587845, 0.021158840507268906, 0.07272601127624512, 0.05279676616191864, 0.05513057857751846, 0.05519348382949829, 0.05251215025782585, 0.11996631324291229, 0.05135243758559227, 0.2387877106666565], "precision": [0.8208208084106445, 1.0, 0.925174355506897, 0.9444444179534912, 0.9403892755508423, 0.800000011920929, 0.9571078419685364, 1.0, 0.9576946496963501, 1.0, 0.9709794521331787, 0.8333333134651184, 0.9701765179634094, 1.0, 0.9716525673866272, 1.0, 0.9715840220451355, 1.0, 0.9746835231781006, 0.9375, 0.9793689250946045, 1.0, 0.9757722616195679, 1.0, 0.9831629395484924, 1.0, 0.9855160117149353, 0.9333333373069763, 0.9902557730674744, 1.0], "recall": [0.4921968877315521, 0.875, 0.8762762546539307, 1.0, 0.9274145364761353, 0.800000011920929, 0.9364508390426636, 1.0, 0.940397322177887, 0.8571428656578064, 0.9605262875556946, 1.0, 0.9585087299346924, 0.9473684430122375, 0.9658273458480835, 1.0, 0.9645858407020569, 0.9375, 0.970588207244873, 0.9375, 0.9687874913215637, 1.0, 0.9675675630569458, 0.9411764740943909, 0.9819819927215576, 0.9411764740943909, 0.9790167808532715, 1.0, 0.976576566696167, 0.8235294222831726], "val_accuracy": [0.8833333253860474, 0.8843749761581421, 0.9239583611488342, 0.9239583611488342, 0.9385416507720947, 0.9385416507720947, 0.9458333253860474, 0.9468749761581421, 0.9593750238418579, 0.9583333134651184, 0.9583333134651184, 0.9583333134651184, 0.9635416865348816, 0.9635416865348816, 0.9645833373069763, 0.9645833373069763, 0.965624988079071, 0.965624988079071, 0.965624988079071, 0.965624988079071, 0.96875, 0.96875, 0.9708333611488342, 0.9708333611488342, 0.9770833253860474, 0.9770833253860474, 0.9791666865348816, 0.9791666865348816, 0.9822916388511658, 0.9822916388511658], "val_loss": [0.3655617833137512, 0.36340293288230896, 0.23830756545066833, 0.23755401372909546, 0.18430456519126892, 0.18398384749889374, 0.16294583678245544, 0.16219522058963776, 0.13211636245250702, 0.13228993117809296, 0.12117361277341843, 0.12039799988269806, 0.10177597403526306, 0.10169360041618347, 0.09683109819889069, 0.0967550203204155, 0.08921878784894943, 0.08942843228578568, 0.08463428914546967, 0.08463132381439209, 0.07727475464344025, 0.07707881927490234, 0.07184432446956635, 0.07172147184610367, 0.06289434432983398, 0.06281772255897522, 0.057766854763031006, 0.05774237960577011, 0.0547361746430397, 0.05473073944449425], "val_precision": [0.9444444179534912, 0.9445782899856567, 0.976580798625946, 0.976580798625946, 0.9839080572128296, 0.9839080572128296, 0.9908257126808167, 0.9931034445762634, 0.9910913109779358, 0.9910714030265808, 0.9910714030265808, 0.9910714030265808, 0.9911699891090393, 0.9911699891090393, 0.995555579662323, 0.995555579662323, 0.9955654144287109, 0.9955654144287109, 0.9955654144287109, 0.9955654144287109, 0.9934210777282715, 0.9934210777282715, 0.9956140518188477, 0.9956140518188477, 0.993534505367279, 0.993534505367279, 0.9956896305084229, 0.9956896305084229, 0.9957173466682434, 0.9957173466682434], "val_recall": [0.8145833611488342, 0.8166666626930237, 0.8687499761581421, 0.8687499761581421, 0.8916666507720947, 0.8916666507720947, 0.8999999761581421, 0.8999999761581421, 0.9270833134651184, 0.925000011920929, 0.925000011920929, 0.925000011920929, 0.9354166388511658, 0.9354166388511658, 0.9333333373069763, 0.9333333373069763, 0.9354166388511658, 0.9354166388511658, 0.9354166388511658, 0.9354166388511658, 0.9437500238418579, 0.9437500238418579, 0.9458333253860474, 0.9458333253860474, 0.9604166746139526, 0.9604166746139526, 0.9624999761581421, 0.9624999761581421, 0.96875, 0.96875], "learning_rate": [9.999999747378752e-06, 9.999999747378752e-06, 9.999999747378752e-06, 9.999999747378752e-06, 9.999999747378752e-06, 9.999999747378752e-06, 9.999999747378752e-06, 9.999999747378752e-06, 9.999999747378752e-06, 9.999999747378752e-06, 9.999999747378752e-06, 9.999999747378752e-06, 9.999999747378752e-06, 9.999999747378752e-06, 9.999999747378752e-06, 9.999999747378752e-06, 9.999999747378752e-06, 9.999999747378752e-06, 9.999999747378752e-06, 9.999999747378752e-06, 9.999999747378752e-06, 9.999999747378752e-06, 9.999999747378752e-06, 9.999999747378752e-06, 9.999999747378752e-06, 9.999999747378752e-06, 9.999999747378752e-06, 9.999999747378752e-06, 9.999999747378752e-06, 9.999999747378752e-06]}